BOROUGH,SCHOOL_NAME,NEIGHBORHOOD,INTEREST,METHOD,TOTAL_STUDENTS,GRADUATION_RATE,ATTENDANCE_RATE,COLLEGE_CAREER_RATE,SAFE,SEATS,APPLICANTS,LANGUAGE_CLASSES,ADVANCED_PLACEMENT_COURSES,SCHOOL_SPORTS
DKI Jakarta,SMA Labschool Bandung,Denpasar,Communications,Ed. Opt.,397,77,84,54,92,90.0,349.0,Bahasa Jerman,"Bahasa Inggris, Biologi, Fisika",Futsal
Yogyakarta,SMA Labschool Bandung,Sleman,Humanities & Interdisciplinary,Screened,646,99,95,94,93,68.0,1203.0,Bahasa Mandarin,"Fisika, Matematika Lanjutan",Pencak Silat
Jawa Timur,SMA Negeri 3 Sleman,Jakarta Selatan,Computer Science & Technology,Ed. Opt.,426,78,88,0,82,85.0,1316.0,Bahasa Mandarin,"Fisika, Ekonomi, Bahasa Inggris","Pencak Silat, Renang"
DKI Jakarta,SMA Negeri 2 Bandung,Bandung,Humanities & Interdisciplinary,Screened,576,95,93,97,82,72.0,1119.0,Bahasa Arab,"Bahasa Inggris, Kimia, Biologi",Renang
DKI Jakarta,SMK Teknologi Surabaya,Bandung,Humanities & Interdisciplinary,Screened: Language,427,95,95,0,94,90.0,278.0,Bahasa Jepang,"Matematika Lanjutan, Bahasa Inggris, Kimia",Basket
Jawa Timur,SMK Teknologi Surabaya,Denpasar,Performing Arts,Audition,565,93,93,74,96,17.0,315.0,Bahasa Mandarin,"Fisika, Kimia, Matematika Lanjutan",Futsal
Bali,SMA Plus Nusantara,Jakarta Selatan,Culinary Arts,Ed. Opt.,469,91,87,56,92,90.0,474.0,Bahasa Inggris,"Fisika, Biologi","Pencak Silat, Bulu Tangkis"
Jawa Timur,SMA Plus Nusantara,Surabaya,Computer Science & Technology,Screened,756,74,88,39,79,47.0,561.0,Bahasa Jerman,Kimia,"Pencak Silat, Futsal"
DKI Jakarta,SMA Labschool Bandung,Bandung,Computer Science & Technology,Ed. Opt.,569,61,87,62,83,118.0,1276.0,Bahasa Mandarin,"Bahasa Inggris, Biologi","Renang, Basket"
Jawa Barat,SMK Pariwisata Bali,Sleman,Computer Science & Technology,Ed. Opt.,2256,66,86,45,78,114.0,428.0,Bahasa Jepang,"Biologi, Bahasa Inggris, Fisika",Bulu Tangkis
DKI Jakarta,SMA Plus Nusantara,Denpasar,Humanities & Interdisciplinary,Ed. Opt.,537,86,87,77,91,124.0,2831.0,Bahasa Mandarin,Biologi,"Pencak Silat, Bulu Tangkis"
Yogyakarta,SMA Negeri 2 Bandung,Sleman,Health Professions,Ed. Opt.,313,0,87,0,78,67.0,220.0,Bahasa Inggris,"Ekonomi, Matematika Lanjutan, Fisika","Futsal, Renang"
Bali,SMA Plus Nusantara,Denpasar,Teaching,Ed. Opt.,499,68,87,53,85,66.0,151.0,Bahasa Inggris,Biologi,Bulu Tangkis
Bali,SMA Negeri 3 Sleman,Sleman,Humanities & Interdisciplinary,Screened: Language,478,79,88,59,94,85.0,351.0,Bahasa Jepang,Bahasa Inggris,"Renang, Basket"
Yogyakarta,SMK Teknologi Surabaya,Jakarta Selatan,Humanities & Interdisciplinary,Ed. Opt.,553,67,80,36,82,85.0,227.0,Bahasa Arab,"Bahasa Inggris, Ekonomi, Biologi",Futsal
Yogyakarta,SMA Labschool Bandung,Surabaya,Science & Math,Screened,1734,97,95,85,89,133.0,5462.0,Bahasa Inggris,Biologi,"Basket, Renang"
DKI Jakarta,SMA Plus Nusantara,Denpasar,Science & Math,Screened: Language,269,52,86,43,82,90.0,143.0,Bahasa Mandarin,Bahasa Inggris,"Renang, Bulu Tangkis"
Yogyakarta,SMA Negeri 2 Bandung,Jakarta Selatan,Law & Government,Screened,498,80,89,63,64,134.0,549.0,Bahasa Jerman,"Bahasa Inggris, Kimia",Futsal
Yogyakarta,SMA Negeri 2 Bandung,Bandung,Humanities & Interdisciplinary,Transfer,217,0,66,0,91,25.0,7.0,Bahasa Arab,"Ekonomi, Fisika","Bulu Tangkis, Futsal"
Jawa Barat,SMA Negeri 3 Sleman,Bandung,Humanities & Interdisciplinary,Screened,457,98,93,91,95,98.0,3861.0,Bahasa Inggris,"Ekonomi, Bahasa Inggris, Matematika Lanjutan",Renang
Jawa Timur,SMK Informatika Nusantara,Denpasar,Computer Science & Technology,Screened,465,0,92,0,85,64.0,437.0,Bahasa Arab,"Matematika Lanjutan, Biologi, Kimia",Pencak Silat
Jawa Barat,SMA Labschool Bandung,Surabaya,Computer Science & Technology,Ed. Opt.,592,81,93,68,83,89.0,855.0,Bahasa Inggris,Ekonomi,"Basket, Renang"
DKI Jakarta,SMK Informatika Nusantara,Denpasar,Humanities & Interdisciplinary,Open,4058,90,92,81,80,330.0,559.0,Bahasa Arab,Fisika,Renang
Jawa Timur,SMA Negeri 2 Bandung,Surabaya,Humanities & Interdisciplinary,Screened: Language,335,63,83,15,69,64.0,134.0,Bahasa Jerman,Biologi,"Bulu Tangkis, Pencak Silat"
Jawa Timur,SMK Teknologi Surabaya,Surabaya,Science & Math,Ed. Opt.,466,71,83,0,67,85.0,679.0,Bahasa Mandarin,"Fisika, Ekonomi","Renang, Bulu Tangkis"
DKI Jakarta,SMK Pariwisata Bali,Jakarta Selatan,Computer Science & Technology,Screened: Language,684,92,90,0,91,23.0,242.0,Bahasa Jepang,"Kimia, Matematika Lanjutan, Bahasa Inggris",Futsal
Yogyakarta,SMA Negeri 5 Jakarta,Jakarta Selatan,Humanities & Interdisciplinary,Screened,450,100,94,90,94,103.0,3122.0,Bahasa Jepang,"Kimia, Fisika",Pencak Silat
Bali,SMK Pariwisata Bali,Jakarta Selatan,Humanities & Interdisciplinary,Ed. Opt.,531,93,91,0,63,63.0,127.0,Bahasa Arab,"Kimia, Fisika, Bahasa Inggris","Renang, Basket"
Yogyakarta,SMA Negeri 2 Bandung,Surabaya,Engineering,Screened,2084,97,97,68,91,209.0,2380.0,Bahasa Jerman,Kimia,Renang
Jawa Timur,SMA Negeri 5 Jakarta,Surabaya,Humanities & Interdisciplinary,Ed. Opt.,255,77,84,64,89,79.0,495.0,Bahasa Mandarin,Bahasa Inggris,"Bulu Tangkis, Basket"
Bali,SMA Negeri 5 Jakarta,Surabaya,Computer Science & Technology,Ed. Opt.,403,74,88,48,89,89.0,568.0,Bahasa Jepang,"Matematika Lanjutan, Bahasa Inggris, Kimia",Basket
Jawa Barat,SMK Teknologi Surabaya,Surabaya,Humanities & Interdisciplinary,Ed. Opt.,348,65,81,36,85,83.0,256.0,Bahasa Jerman,"Matematika Lanjutan, Fisika, Biologi",Renang
Yogyakarta,SMA Negeri 3 Sleman,Bandung,Humanities & Interdisciplinary,Ed. Opt.,556,93,90,81,86,67.0,378.0,Bahasa Arab,"Kimia, Fisika","Basket, Pencak Silat"
Bali,SMA Plus Nusantara,Sleman,Law & Government,Screened,844,92,88,80,83,50.0,1356.0,Bahasa Jepang,"Bahasa Inggris, Ekonomi, Kimia",Bulu Tangkis
Jawa Timur,SMK Pariwisata Bali,Surabaya,Humanities & Interdisciplinary,For Continuing 8th Graders,511,74,87,64,71,,,Bahasa Jerman,Biologi,"Pencak Silat, Basket"
Jawa Timur,SMA Negeri 3 Sleman,Denpasar,Humanities & Interdisciplinary,Ed. Opt.,467,84,85,53,92,90.0,628.0,Bahasa Arab,"Matematika Lanjutan, Biologi, Kimia",Basket
DKI Jakarta,SMA Plus Nusantara,Sleman,Humanities & Interdisciplinary,Ed. Opt.,342,72,90,32,70,85.0,739.0,Bahasa Jepang,Biologi,"Pencak Silat, Bulu Tangkis"
DKI Jakarta,SMA Negeri 3 Sleman,Denpasar,Humanities & Interdisciplinary,Ed. Opt.,399,60,81,41,71,98.0,433.0,Bahasa Jepang,"Fisika, Ekonomi, Biologi",Pencak Silat
Yogyakarta,SMK Teknologi Surabaya,Bandung,Humanities & Interdisciplinary,Ed. Opt.,251,69,89,51,90,89.0,298.0,Bahasa Mandarin,"Ekonomi, Bahasa Inggris",Basket
Yogyakarta,SMK Informatika Nusantara,Jakarta Selatan,Humanities & Interdisciplinary,Ed. Opt.,654,64,87,66,76,82.0,654.0,Bahasa Inggris,"Fisika, Biologi","Basket, Futsal"
Bali,SMA Negeri 5 Jakarta,Sleman,Humanities & Interdisciplinary,Screened,563,96,94,84,87,68.0,529.0,Bahasa Arab,"Matematika Lanjutan, Ekonomi, Fisika",Basket
Jawa Barat,SMA Labschool Bandung,Surabaya,Humanities & Interdisciplinary,Ed. Opt.,512,92,86,69,80,110.0,1200.0,Bahasa Arab,"Kimia, Bahasa Inggris, Matematika Lanjutan",Basket
Jawa Barat,SMA Plus Nusantara,Denpasar,Architecture,Open,566,95,91,56,96,124.0,1197.0,Bahasa Mandarin,Biologi,Renang
Yogyakarta,SMK Pariwisata Bali,Surabaya,"Hospitality, Travel, & Tourism",Ed. Opt.,305,55,77,42,81,106.0,184.0,Bahasa Jerman,Biologi,Basket
Yogyakarta,SMA Plus Nusantara,Sleman,Performing Arts/Visual Art & Design,Open,480,79,88,39,80,45.0,256.0,Bahasa Inggris,"Biologi, Kimia","Renang, Bulu Tangkis"
Bali,SMA Negeri 5 Jakarta,Bandung,Law & Government,Ed. Opt.,3699,91,92,77,81,130.0,3714.0,Bahasa Inggris,"Bahasa Inggris, Biologi, Fisika","Pencak Silat, Bulu Tangkis"
DKI Jakarta,SMA Negeri 5 Jakarta,Sleman,Humanities & Interdisciplinary,Screened,496,95,88,68,85,62.0,489.0,Bahasa Jepang,Fisika,Bulu Tangkis
DKI Jakarta,SMA Negeri 2 Bandung,Bandung,Science & Math,Screened,481,100,94,97,94,67.0,1052.0,Bahasa Arab,"Biologi, Fisika","Renang, Pencak Silat"
Jawa Barat,SMK Teknologi Surabaya,Jakarta Selatan,Performing Arts,Audition,608,73,85,65,83,27.0,87.0,Bahasa Jerman,"Kimia, Matematika Lanjutan",Renang
DKI Jakarta,SMK Teknologi Surabaya,Sleman,Humanities & Interdisciplinary,Ed. Opt.,473,68,80,37,88,86.0,408.0,Bahasa Mandarin,"Kimia, Matematika Lanjutan",Futsal
Yogyakarta,SMA Negeri 5 Jakarta,Surabaya,Business,Ed. Opt.,598,94,93,77,90,104.0,1701.0,Bahasa Arab,"Fisika, Ekonomi",Renang
Jawa Barat,SMA Plus Nusantara,Bandung,Humanities & Interdisciplinary,Screened,1380,100,96,87,96,290.0,6072.0,Bahasa Arab,Biologi,Pencak Silat
Yogyakarta,SMA Labschool Bandung,Denpasar,Law & Government,Ed. Opt.,449,91,91,76,84,95.0,1383.0,Bahasa Jerman,Matematika Lanjutan,"Futsal, Basket"
Jawa Timur,SMA Labschool Bandung,Denpasar,Performing Arts,Ed. Opt.,454,68,86,45,67,100.0,310.0,Bahasa Jepang,"Matematika Lanjutan, Ekonomi",Bulu Tangkis
Jawa Barat,SMK Teknologi Surabaya,Sleman,Health Professions,Screened,433,91,93,83,75,64.0,1683.0,Bahasa Jepang,"Ekonomi, Kimia, Biologi","Futsal, Pencak Silat"
DKI Jakarta,SMA Negeri 5 Jakarta,Bandung,Architecture,Open,311,83,84,43,92,90.0,200.0,Bahasa Jerman,"Kimia, Fisika","Renang, Pencak Silat"
Jawa Timur,SMA Plus Nusantara,Jakarta Selatan,Humanities & Interdisciplinary,Screened,2281,71,86,45,75,57.0,138.0,Bahasa Mandarin,Biologi,Bulu Tangkis
Yogyakarta,SMK Informatika Nusantara,Surabaya,Business,Ed. Opt.,738,90,88,82,83,166.0,1226.0,Bahasa Mandarin,"Bahasa Inggris, Ekonomi, Biologi","Basket, Futsal"
Jawa Barat,SMK Informatika Nusantara,Sleman,Architecture,Ed. Opt.,356,59,83,47,82,90.0,269.0,Bahasa Jerman,"Ekonomi, Kimia",Renang
Jawa Barat,SMA Negeri 3 Sleman,Surabaya,Engineering,Ed. Opt.,511,93,94,0,85,83.0,1186.0,Bahasa Mandarin,"Kimia, Matematika Lanjutan","Renang, Basket"
DKI Jakarta,SMK Informatika Nusantara,Jakarta Selatan,Humanities & Interdisciplinary,Screened: Language,363,73,87,51,82,85.0,226.0,Bahasa Arab,"Bahasa Inggris, Kimia, Ekonomi","Renang, Basket"
Jawa Timur,SMA Labschool Bandung,Sleman,Humanities & Interdisciplinary,For Continuing 8th Graders,659,96,92,58,95,,,Bahasa Inggris,Matematika Lanjutan,"Futsal, Renang"
Yogyakarta,SMA Negeri 2 Bandung,Jakarta Selatan,Humanities & Interdisciplinary,Screened,622,98,95,95,96,132.0,2412.0,Bahasa Jerman,Fisika,Pencak Silat
DKI Jakarta,SMA Negeri 2 Bandung,Bandung,Environmental Science,Ed. Opt.,639,67,86,54,82,89.0,241.0,Bahasa Jerman,Bahasa Inggris,Renang
Jawa Timur,SMA Plus Nusantara,Denpasar,Health Professions,Ed. Opt.,294,73,88,41,80,66.0,405.0,Bahasa Inggris,Matematika Lanjutan,Pencak Silat
Bali,SMK Pariwisata Bali,Bandung,Visual Art & Design,Audition,1590,93,91,79,86,170.0,520.0,Bahasa Arab,"Kimia, Matematika Lanjutan, Bahasa Inggris","Futsal, Renang"
Yogyakarta,SMK Informatika Nusantara,Surabaya,Project-Based Learning,Screened: Language,527,83,92,80,98,92.0,586.0,Bahasa Mandarin,Fisika,Renang
Yogyakarta,SMA Negeri 1 Jakarta,Jakarta Selatan,Performing Arts,Audition,478,97,93,75,91,22.0,229.0,Bahasa Jerman,"Biologi, Ekonomi","Basket, Renang"
DKI Jakarta,SMA Plus Nusantara,Denpasar,Computer Science & Technology,Ed. Opt.,445,87,89,72,91,90.0,1575.0,Bahasa Arab,"Bahasa Inggris, Matematika Lanjutan, Biologi",Basket
Jawa Barat,SMA Negeri 2 Bandung,Denpasar,Humanities & Interdisciplinary,Screened,1513,92,92,71,81,126.0,1210.0,Bahasa Arab,"Biologi, Ekonomi",Renang
Jawa Barat,SMA Negeri 2 Bandung,Bandung,Humanities & Interdisciplinary,Ed. Opt.,1194,80,85,67,84,226.0,1836.0,Bahasa Arab,Biologi,Pencak Silat
Yogyakarta,SMA Negeri 2 Bandung,Denpasar,Humanities & Interdisciplinary,Ed. Opt.,376,67,87,0,67,85.0,322.0,Bahasa Jerman,Biologi,Renang
Jawa Barat,SMK Informatika Nusantara,Jakarta Selatan,Humanities & Interdisciplinary,Open,495,99,95,92,95,96.0,1028.0,Bahasa Jepang,"Ekonomi, Fisika, Biologi","Basket, Pencak Silat"
Jawa Timur,SMA Labschool Bandung,Bandung,Humanities & Interdisciplinary,Ed. Opt.,496,65,81,40,81,67.0,206.0,Bahasa Inggris,"Ekonomi, Fisika, Bahasa Inggris","Basket, Bulu Tangkis"
Jawa Barat,SMA Negeri 2 Bandung,Sleman,Science & Math,Test,5838,98,96,95,95,,,Bahasa Mandarin,"Kimia, Biologi","Basket, Pencak Silat"
Jawa Barat,SMA Negeri 2 Bandung,Denpasar,Project-Based Learning,Ed. Opt.,401,73,84,46,89,97.0,415.0,Bahasa Inggris,"Biologi, Kimia, Fisika",Bulu Tangkis
DKI Jakarta,SMA Negeri 3 Sleman,Denpasar,Humanities & Interdisciplinary,Open,381,97,93,64,86,124.0,758.0,Bahasa Arab,Bahasa Inggris,"Renang, Pencak Silat"
DKI Jakarta,SMA Negeri 3 Sleman,Denpasar,Computer Science & Technology,Ed. Opt.,1775,63,83,43,79,83.0,332.0,Bahasa Arab,"Fisika, Bahasa Inggris","Basket, Renang"
Jawa Barat,SMA Negeri 5 Jakarta,Sleman,Computer Science & Technology,Ed. Opt.,3061,68,89,51,82,84.0,796.0,Bahasa Inggris,Bahasa Inggris,Futsal
Bali,SMA Negeri 5 Jakarta,Surabaya,Science & Math,Ed. Opt.,415,70,83,52,71,90.0,230.0,Bahasa Mandarin,Kimia,"Bulu Tangkis, Renang"
DKI Jakarta,SMA Negeri 2 Bandung,Jakarta Selatan,Humanities & Interdisciplinary,Open,590,85,80,43,80,64.0,257.0,Bahasa Arab,"Biologi, Kimia, Matematika Lanjutan","Bulu Tangkis, Pencak Silat"
Jawa Barat,SMA Negeri 1 Jakarta,Sleman,Engineering,Ed. Opt.,399,72,81,18,79,56.0,197.0,Bahasa Jepang,"Ekonomi, Kimia","Bulu Tangkis, Pencak Silat"
Bali,SMA Negeri 5 Jakarta,Denpasar,Computer Science & Technology,Ed. Opt.,732,59,83,35,67,94.0,761.0,Bahasa Inggris,"Bahasa Inggris, Kimia, Fisika","Futsal, Renang"
Bali,SMK Teknologi Surabaya,Bandung,Humanities & Interdisciplinary,Ed. Opt.,478,0,92,0,88,48.0,379.0,Bahasa Jerman,"Matematika Lanjutan, Fisika","Renang, Basket"
Bali,SMA Plus Nusantara,Sleman,Humanities & Interdisciplinary,Ed. Opt.,1038,93,94,72,89,57.0,2122.0,Bahasa Jerman,Ekonomi,Basket
Yogyakarta,SMA Negeri 1 Jakarta,Surabaya,Health Professions,Ed. Opt.,639,73,86,32,81,50.0,290.0,Bahasa Mandarin,"Bahasa Inggris, Matematika Lanjutan","Bulu Tangkis, Futsal"
Jawa Barat,SMK Informatika Nusantara,Bandung,Science & Math,Ed. Opt.,1203,50,84,34,68,118.0,532.0,Bahasa Jerman,"Ekonomi, Bahasa Inggris, Matematika Lanjutan",Basket
Jawa Timur,SMA Negeri 1 Jakarta,Surabaya,Humanities & Interdisciplinary,Open,390,0,89,0,93,68.0,479.0,Bahasa Inggris,"Fisika, Matematika Lanjutan, Kimia","Futsal, Pencak Silat"
Jawa Barat,SMA Negeri 3 Sleman,Bandung,Humanities & Interdisciplinary,Screened,683,92,94,77,94,72.0,1263.0,Bahasa Mandarin,"Ekonomi, Fisika, Matematika Lanjutan",Pencak Silat
Yogyakarta,SMK Informatika Nusantara,Bandung,Science & Math,Ed. Opt.,480,78,87,62,77,67.0,237.0,Bahasa Arab,Matematika Lanjutan,"Futsal, Renang"
Jawa Timur,SMA Labschool Bandung,Jakarta Selatan,Business,Ed. Opt.,232,75,83,49,81,50.0,118.0,Bahasa Jerman,"Kimia, Fisika","Renang, Pencak Silat"
Bali,SMA Negeri 3 Sleman,Denpasar,Performing Arts,Audition,427,95,91,70,87,35.0,237.0,Bahasa Mandarin,Ekonomi,Pencak Silat
Bali,SMA Negeri 1 Jakarta,Jakarta Selatan,Humanities & Interdisciplinary,Screened: Language,449,90,92,35,94,90.0,158.0,Bahasa Mandarin,Ekonomi,"Basket, Pencak Silat"
Jawa Barat,SMA Labschool Bandung,Bandung,"Hospitality, Travel, & Tourism",Ed. Opt.,391,70,82,54,88,90.0,466.0,Bahasa Jerman,"Fisika, Kimia","Bulu Tangkis, Basket"
Yogyakarta,SMA Plus Nusantara,Bandung,Humanities & Interdisciplinary,Ed. Opt.,424,73,76,34,83,85.0,345.0,Bahasa Jepang,"Bahasa Inggris, Ekonomi, Fisika",Basket
Yogyakarta,SMK Informatika Nusantara,Surabaya,Visual Art & Design,Ed. Opt.,504,74,82,34,70,60.0,885.0,Bahasa Jepang,"Bahasa Inggris, Matematika Lanjutan",Basket
DKI Jakarta,SMA Plus Nusantara,Jakarta Selatan,Humanities & Interdisciplinary,Screened: Language,911,77,89,55,88,68.0,188.0,Bahasa Arab,Ekonomi,Basket
Jawa Timur,SMK Informatika Nusantara,Surabaya,Visual Art & Design,Ed. Opt.,441,66,84,38,81,42.0,705.0,Bahasa Mandarin,"Ekonomi, Bahasa Inggris, Biologi",Basket
Jawa Barat,SMK Pariwisata Bali,Bandung,Film/Video,Ed. Opt.,588,90,85,59,83,68.0,232.0,Bahasa Jerman,"Ekonomi, Biologi",Basket
DKI Jakarta,SMA Negeri 1 Jakarta,Surabaya,Performing Arts/Visual Art & Design,Ed. Opt.,425,77,82,53,87,124.0,469.0,Bahasa Mandarin,"Fisika, Biologi","Bulu Tangkis, Renang"
Jawa Barat,SMA Plus Nusantara,Surabaya,Science & Math,Ed. Opt.,435,97,93,73,98,51.0,1164.0,Bahasa Arab,Kimia,"Basket, Pencak Silat"
DKI Jakarta,SMA Negeri 2 Bandung,Denpasar,Health Professions,Ed. Opt.,491,49,77,53,88,118.0,468.0,Bahasa Jepang,"Ekonomi, Matematika Lanjutan","Bulu Tangkis, Futsal"
Jawa Barat,SMA Negeri 2 Bandung,Sleman,Visual Art & Design,Audition,491,81,84,57,73,53.0,398.0,Bahasa Mandarin,Bahasa Inggris,"Pencak Silat, Basket"
Bali,SMK Informatika Nusantara,Sleman,Visual Art & Design,Audition,867,85,92,64,87,67.0,583.0,Bahasa Arab,Fisika,Pencak Silat
Jawa Timur,SMK Informatika Nusantara,Denpasar,Visual Art & Design,Ed. Opt.,812,90,92,68,95,159.0,2098.0,Bahasa Inggris,Bahasa Inggris,"Basket, Futsal"
Jawa Barat,SMA Negeri 1 Jakarta,Sleman,Performing Arts/Visual Art & Design,Ed. Opt.,250,69,80,49,71,61.0,92.0,Bahasa Mandarin,"Matematika Lanjutan, Bahasa Inggris, Fisika",Basket
Bali,SMK Informatika Nusantara,Bandung,Engineering,Ed. Opt.,439,87,89,77,0,89.0,1546.0,Bahasa Jerman,"Matematika Lanjutan, Fisika",Basket
Bali,SMK Teknologi Surabaya,Sleman,Humanities & Interdisciplinary,Ed. Opt.,317,0,79,0,90,75.0,267.0,Bahasa Arab,"Biologi, Fisika",Futsal
Jawa Timur,SMK Informatika Nusantara,Denpasar,Computer Science & Technology,Screened: Language & Academics,517,85,92,78,90,50.0,524.0,Bahasa Jerman,"Fisika, Kimia, Biologi",Futsal
Bali,SMA Negeri 2 Bandung,Surabaya,Culinary Arts,Ed. Opt.,378,91,90,67,77,90.0,1389.0,Bahasa Arab,"Kimia, Ekonomi, Bahasa Inggris",Pencak Silat
DKI Jakarta,SMA Negeri 2 Bandung,Surabaya,Law & Government,Ed. Opt.,278,58,81,33,81,89.0,119.0,Bahasa Inggris,"Fisika, Ekonomi, Kimia","Bulu Tangkis, Futsal"
Jawa Timur,SMA Plus Nusantara,Jakarta Selatan,Law & Government,Ed. Opt.,466,73,84,63,79,116.0,1070.0,Bahasa Mandarin,Matematika Lanjutan,Basket
DKI Jakarta,SMK Informatika Nusantara,Denpasar,Performing Arts,Open,404,60,80,39,77,64.0,116.0,Bahasa Arab,Fisika,Bulu Tangkis
DKI Jakarta,SMK Informatika Nusantara,Jakarta Selatan,Architecture,Ed. Opt.,394,83,87,0,86,90.0,420.0,Bahasa Mandarin,Biologi,Renang
Jawa Timur,SMK Informatika Nusantara,Bandung,Performing Arts/Visual Art & Design,Ed. Opt.,266,68,84,33,85,85.0,403.0,Bahasa Arab,"Bahasa Inggris, Kimia",Basket
Yogyakarta,SMA Negeri 1 Jakarta,Denpasar,Visual Art & Design,Audition,1546,84,90,62,82,23.0,274.0,Bahasa Arab,"Biologi, Matematika Lanjutan, Fisika","Bulu Tangkis, Basket"
Bali,SMA Labschool Bandung,Bandung,Visual Art & Design,Ed. Opt.,427,92,86,58,92,104.0,870.0,Bahasa Mandarin,Matematika Lanjutan,"Basket, Futsal"
Jawa Timur,SMK Pariwisata Bali,Jakarta Selatan,Humanities & Interdisciplinary,Ed. Opt.,353,86,89,43,79,67.0,135.0,Bahasa Mandarin,"Matematika Lanjutan, Ekonomi",Basket
Bali,SMA Negeri 2 Bandung,Sleman,Science & Math,Test,3336,98,97,98,97,,,Bahasa Arab,"Fisika, Matematika Lanjutan, Ekonomi",Basket
Jawa Timur,SMK Informatika Nusantara,Denpasar,JROTC,Ed. Opt.,3808,89,91,62,81,27.0,192.0,Bahasa Arab,"Fisika, Matematika Lanjutan, Bahasa Inggris",Renang
Jawa Barat,SMA Plus Nusantara,Bandung,Humanities & Interdisciplinary,Ed. Opt.,199,50,80,29,88,85.0,249.0,Bahasa Mandarin,"Kimia, Fisika","Pencak Silat, Futsal"
Jawa Barat,SMA Labschool Bandung,Surabaya,Performing Arts,Ed. Opt.,446,75,86,33,70,42.0,220.0,Bahasa Arab,"Ekonomi, Biologi",Pencak Silat
Jawa Timur,SMA Plus Nusantara,Sleman,Law & Government,Ed. Opt.,380,77,80,40,65,85.0,396.0,Bahasa Mandarin,Fisika,"Renang, Bulu Tangkis"
DKI Jakarta,SMA Negeri 1 Jakarta,Jakarta Selatan,Performing Arts/Visual Art & Design,Ed. Opt.,329,81,88,58,86,62.0,670.0,Bahasa Inggris,"Ekonomi, Kimia, Bahasa Inggris",Futsal
Yogyakarta,SMA Labschool Bandung,Surabaya,Teaching,Ed. Opt.,193,74,80,54,83,103.0,159.0,Bahasa Jepang,"Ekonomi, Kimia","Renang, Pencak Silat"
Bali,SMA Negeri 1 Jakarta,Bandung,Science & Math,Ed. Opt.,476,80,86,60,67,93.0,761.0,Bahasa Jerman,"Bahasa Inggris, Ekonomi","Pencak Silat, Futsal"
DKI Jakarta,SMA Negeri 2 Bandung,Surabaya,Humanities & Interdisciplinary,Ed. Opt.,329,0,84,0,88,78.0,286.0,Bahasa Jepang,"Bahasa Inggris, Ekonomi, Kimia",Futsal
Bali,SMK Informatika Nusantara,Denpasar,Humanities & Interdisciplinary,Ed. Opt.,254,43,76,29,82,64.0,242.0,Bahasa Jerman,"Kimia, Fisika, Bahasa Inggris","Renang, Futsal"
Jawa Barat,SMK Teknologi Surabaya,Sleman,Health Professions,Screened,1174,67,87,43,69,57.0,367.0,Bahasa Arab,"Biologi, Ekonomi",Bulu Tangkis
Jawa Timur,SMA Negeri 5 Jakarta,Jakarta Selatan,Humanities & Interdisciplinary,Screened,604,0,97,0,96,80.0,1827.0,Bahasa Arab,Bahasa Inggris,Renang
Yogyakarta,SMA Negeri 2 Bandung,Bandung,Humanities & Interdisciplinary,Ed. Opt.,446,74,87,51,93,91.0,810.0,Bahasa Mandarin,Kimia,Futsal
Yogyakarta,SMK Informatika Nusantara,Surabaya,Humanities & Interdisciplinary,For Continuing 8th Graders,671,78,79,57,82,,,Bahasa Jerman,Kimia,"Basket, Renang"
Yogyakarta,SMA Negeri 3 Sleman,Surabaya,Science & Math,Ed. Opt.,483,79,87,52,80,,,Bahasa Jerman,"Kimia, Fisika",Renang
Jawa Timur,SMA Negeri 5 Jakarta,Sleman,Law & Government,Ed. Opt.,583,54,82,44,66,119.0,484.0,Bahasa Jepang,"Matematika Lanjutan, Biologi, Bahasa Inggris","Pencak Silat, Renang"
Jawa Timur,SMA Labschool Bandung,Bandung,Humanities & Interdisciplinary,Screened,402,92,89,63,91,85.0,1354.0,Bahasa Jerman,Fisika,Renang
Jawa Timur,SMA Labschool Bandung,Jakarta Selatan,Science & Math,Ed. Opt.,682,89,88,69,92,64.0,1572.0,Bahasa Mandarin,Biologi,"Futsal, Basket"
Jawa Timur,SMA Negeri 5 Jakarta,Surabaya,Computer Science & Technology,Ed. Opt.,872,78,85,61,72,79.0,586.0,Bahasa Jepang,"Kimia, Bahasa Inggris, Fisika","Basket, Pencak Silat"
DKI Jakarta,SMA Negeri 5 Jakarta,Jakarta Selatan,Zoned,Zoned Priority,1091,86,92,71,92,,,Bahasa Inggris,Fisika,"Pencak Silat, Bulu Tangkis"
Jawa Barat,SMA Labschool Bandung,Bandung,Humanities & Interdisciplinary,Ed. Opt.,703,79,79,54,90,67.0,429.0,Bahasa Inggris,"Bahasa Inggris, Ekonomi",Renang
Yogyakarta,SMK Teknologi Surabaya,Denpasar,Computer Science & Technology,Ed. Opt.,888,93,89,73,87,33.0,476.0,Bahasa Jerman,Fisika,"Renang, Futsal"
Jawa Barat,SMK Teknologi Surabaya,Denpasar,Teaching,Ed. Opt.,447,81,82,41,84,85.0,222.0,Bahasa Jepang,"Bahasa Inggris, Ekonomi, Kimia","Bulu Tangkis, Basket"
DKI Jakarta,SMA Negeri 2 Bandung,Sleman,Culinary Arts,Open,319,68,87,38,80,67.0,190.0,Bahasa Arab,"Biologi, Kimia, Ekonomi","Bulu Tangkis, Renang"
Jawa Barat,SMA Labschool Bandung,Sleman,Computer Science & Technology,Ed. Opt.,376,0,91,0,88,67.0,963.0,Bahasa Jerman,Fisika,Futsal
DKI Jakarta,SMA Negeri 5 Jakarta,Surabaya,"Computer Science, Math & Technology",Screened,1257,98,89,80,71,131.0,2057.0,Bahasa Arab,Bahasa Inggris,Futsal
Jawa Timur,SMA Negeri 5 Jakarta,Sleman,Humanities & Interdisciplinary,Ed. Opt.,236,56,82,47,96,45.0,256.0,Bahasa Mandarin,Ekonomi,Renang
Jawa Timur,SMA Negeri 2 Bandung,Jakarta Selatan,Science & Math,Test,2995,100,97,98,92,,,Bahasa Mandarin,"Bahasa Inggris, Ekonomi, Fisika",Basket
Jawa Timur,SMK Teknologi Surabaya,Surabaya,Humanities & Interdisciplinary,Ed. Opt.,387,80,85,54,86,68.0,907.0,Bahasa Mandarin,Kimia,Pencak Silat
Yogyakarta,SMA Negeri 2 Bandung,Surabaya,Humanities & Interdisciplinary,Ed. Opt.,1278,88,93,71,92,244.0,2862.0,Bahasa Mandarin,"Ekonomi, Biologi, Kimia",Bulu Tangkis
Yogyakarta,SMA Negeri 1 Jakarta,Bandung,Science & Math,Open,269,89,88,68,84,89.0,508.0,Bahasa Jerman,"Matematika Lanjutan, Kimia, Ekonomi",Pencak Silat
DKI Jakarta,SMA Negeri 2 Bandung,Bandung,Computer Science & Technology,Screened,430,75,86,57,91,37.0,785.0,Bahasa Mandarin,Biologi,"Futsal, Basket"
Jawa Timur,SMK Pariwisata Bali,Denpasar,Business,Ed. Opt.,284,69,82,28,68,85.0,304.0,Bahasa Arab,"Matematika Lanjutan, Ekonomi, Bahasa Inggris",Pencak Silat
Bali,SMA Negeri 5 Jakarta,Surabaya,Law & Government,Ed. Opt.,307,84,84,61,84,83.0,547.0,Bahasa Mandarin,"Kimia, Matematika Lanjutan","Basket, Pencak Silat"
Bali,SMK Teknologi Surabaya,Surabaya,Performing Arts,Ed. Opt.,296,74,83,55,84,89.0,585.0,Bahasa Jerman,"Matematika Lanjutan, Fisika","Pencak Silat, Renang"
Jawa Timur,SMA Labschool Bandung,Denpasar,Visual Art & Design,Ed. Opt.,407,68,76,33,81,99.0,153.0,Bahasa Mandarin,"Ekonomi, Biologi, Matematika Lanjutan","Pencak Silat, Renang"
DKI Jakarta,SMK Teknologi Surabaya,Surabaya,Humanities & Interdisciplinary,Ed. Opt.,378,67,83,40,83,100.0,183.0,Bahasa Jepang,"Biologi, Kimia, Bahasa Inggris",Futsal
Jawa Barat,SMK Pariwisata Bali,Denpasar,Humanities & Interdisciplinary,Ed. Opt.,460,54,85,38,67,65.0,280.0,Bahasa Jerman,"Bahasa Inggris, Ekonomi","Renang, Pencak Silat"
Jawa Barat,SMA Negeri 2 Bandung,Surabaya,Humanities & Interdisciplinary,Screened,510,73,92,77,93,81.0,1429.0,Bahasa Mandarin,"Matematika Lanjutan, Fisika",Futsal
Bali,SMK Pariwisata Bali,Sleman,Performing Arts,Open,338,67,81,46,84,85.0,323.0,Bahasa Arab,Ekonomi,"Renang, Futsal"
Jawa Timur,SMK Teknologi Surabaya,Sleman,Humanities & Interdisciplinary,Ed. Opt.,171,66,87,36,93,75.0,165.0,Bahasa Jepang,"Ekonomi, Matematika Lanjutan","Pencak Silat, Bulu Tangkis"
DKI Jakarta,SMK Informatika Nusantara,Surabaya,Humanities & Interdisciplinary,Screened: Language,523,77,91,47,88,64.0,376.0,Bahasa Inggris,"Kimia, Fisika, Biologi",Basket
Bali,SMA Labschool Bandung,Sleman,Visual Art & Design,Open,534,66,87,23,80,21.0,75.0,Bahasa Jerman,"Matematika Lanjutan, Kimia","Bulu Tangkis, Futsal"
Jawa Barat,SMA Negeri 1 Jakarta,Bandung,Computer Science & Technology,Ed. Opt.,422,0,90,0,75,90.0,579.0,Bahasa Jerman,"Ekonomi, Matematika Lanjutan, Bahasa Inggris","Futsal, Pencak Silat"
Jawa Timur,SMA Negeri 2 Bandung,Surabaya,Law & Government,Ed. Opt.,409,85,82,55,83,85.0,1137.0,Bahasa Mandarin,Kimia,"Bulu Tangkis, Basket"
Bali,SMA Labschool Bandung,Bandung,Humanities & Interdisciplinary,Screened,541,100,96,90,98,104.0,5052.0,Bahasa Mandarin,"Kimia, Biologi, Matematika Lanjutan","Bulu Tangkis, Futsal"
Jawa Barat,SMA Negeri 1 Jakarta,Surabaya,Humanities & Interdisciplinary,Ed. Opt.,303,72,81,30,75,45.0,119.0,Bahasa Mandarin,"Bahasa Inggris, Biologi","Bulu Tangkis, Basket"
Jawa Timur,SMA Negeri 5 Jakarta,Denpasar,Science & Math,Open,262,67,81,52,81,56.0,117.0,Bahasa Inggris,"Kimia, Biologi","Basket, Pencak Silat"
Jawa Barat,SMA Negeri 1 Jakarta,Denpasar,Performing Arts/Visual Art & Design,Ed. Opt.,168,55,78,50,76,67.0,222.0,Bahasa Jepang,Bahasa Inggris,Renang
Jawa Barat,SMK Informatika Nusantara,Surabaya,Health Professions,Ed. Opt.,496,72,83,0,81,85.0,784.0,Bahasa Inggris,"Fisika, Biologi, Ekonomi",Pencak Silat
Jawa Timur,SMA Negeri 3 Sleman,Denpasar,Science & Math,Ed. Opt.,584,79,80,55,84,83.0,509.0,Bahasa Inggris,Matematika Lanjutan,"Bulu Tangkis, Futsal"
Jawa Barat,SMA Negeri 5 Jakarta,Bandung,Humanities & Interdisciplinary,Open,271,54,83,39,80,124.0,171.0,Bahasa Inggris,Bahasa Inggris,"Futsal, Pencak Silat"
Bali,SMK Teknologi Surabaya,Jakarta Selatan,Health Professions,Ed. Opt.,372,64,79,45,90,64.0,468.0,Bahasa Jepang,"Fisika, Ekonomi, Kimia","Renang, Futsal"
DKI Jakarta,SMA Negeri 5 Jakarta,Surabaya,Science & Math,Ed. Opt.,562,84,93,68,76,45.0,418.0,Bahasa Inggris,Biologi,Futsal
Jawa Barat,SMA Negeri 5 Jakarta,Denpasar,Communications,Ed. Opt.,3789,80,91,64,86,562.0,5667.0,Bahasa Mandarin,Ekonomi,Basket
Jawa Timur,SMA Negeri 1 Jakarta,Surabaya,Humanities & Interdisciplinary,Screened,565,96,94,92,95,68.0,438.0,Bahasa Arab,"Ekonomi, Biologi, Fisika",Basket
Jawa Timur,SMA Negeri 1 Jakarta,Bandung,Humanities & Interdisciplinary,Ed. Opt.,405,73,83,0,77,85.0,609.0,Bahasa Inggris,"Ekonomi, Matematika Lanjutan","Bulu Tangkis, Futsal"
Yogyakarta,SMA Negeri 5 Jakarta,Surabaya,Humanities & Interdisciplinary,Ed. Opt.,567,64,79,46,80,138.0,291.0,Bahasa Jerman,"Biologi, Kimia, Matematika Lanjutan",Bulu Tangkis
Yogyakarta,SMK Informatika Nusantara,Jakarta Selatan,Humanities & Interdisciplinary,Open,647,96,90,55,89,67.0,321.0,Bahasa Jepang,Bahasa Inggris,Futsal
Jawa Barat,SMA Negeri 2 Bandung,Surabaya,Engineering,Screened,428,63,85,25,81,25.0,257.0,Bahasa Inggris,"Bahasa Inggris, Fisika","Pencak Silat, Futsal"
Yogyakarta,SMA Labschool Bandung,Denpasar,Humanities & Interdisciplinary,Ed. Opt.,671,88,89,63,79,68.0,347.0,Bahasa Mandarin,"Biologi, Matematika Lanjutan, Bahasa Inggris","Futsal, Bulu Tangkis"
DKI Jakarta,SMA Labschool Bandung,Jakarta Selatan,Humanities & Interdisciplinary,Ed. Opt.,422,64,84,49,77,67.0,113.0,Bahasa Mandarin,Kimia,Basket
Jawa Barat,SMA Negeri 3 Sleman,Jakarta Selatan,Humanities & Interdisciplinary,Screened,540,99,95,95,95,125.0,2447.0,Bahasa Jerman,Ekonomi,"Futsal, Basket"
Jawa Timur,SMK Informatika Nusantara,Surabaya,Project-Based Learning,Screened: Language,442,65,91,65,87,75.0,308.0,Bahasa Mandarin,"Bahasa Inggris, Kimia","Pencak Silat, Renang"
Yogyakarta,SMK Informatika Nusantara,Jakarta Selatan,Humanities & Interdisciplinary,Ed. Opt.,457,48,81,45,76,85.0,489.0,Bahasa Jepang,"Biologi, Kimia, Fisika",Renang
DKI Jakarta,SMA Negeri 5 Jakarta,Sleman,Science & Math,Ed. Opt.,534,77,91,57,96,71.0,531.0,Bahasa Jepang,"Biologi, Bahasa Inggris, Kimia","Renang, Bulu Tangkis"
DKI Jakarta,SMA Negeri 5 Jakarta,Bandung,Performing Arts,Ed. Opt.,942,85,87,65,79,28.0,215.0,Bahasa Mandarin,Ekonomi,"Basket, Pencak Silat"
Bali,SMA Negeri 1 Jakarta,Sleman,Film/Video,Audition,831,93,93,95,96,26.0,336.0,Bahasa Arab,"Bahasa Inggris, Ekonomi, Biologi","Renang, Futsal"
Yogyakarta,SMA Negeri 3 Sleman,Jakarta Selatan,Science & Math,Screened: Language,403,88,93,77,87,85.0,611.0,Bahasa Inggris,"Matematika Lanjutan, Ekonomi, Kimia",Renang
DKI Jakarta,SMA Negeri 3 Sleman,Jakarta Selatan,Humanities & Interdisciplinary,Screened: Language,360,66,87,52,87,90.0,267.0,Bahasa Arab,"Matematika Lanjutan, Ekonomi, Kimia","Bulu Tangkis, Renang"
DKI Jakarta,SMK Teknologi Surabaya,Bandung,Humanities & Interdisciplinary,Ed. Opt.,488,91,88,64,94,42.0,1647.0,Bahasa Jerman,"Fisika, Bahasa Inggris","Bulu Tangkis, Pencak Silat"
DKI Jakarta,SMK Teknologi Surabaya,Bandung,Humanities & Interdisciplinary,Ed. Opt.,529,96,90,76,94,119.0,1139.0,Bahasa Arab,"Bahasa Inggris, Matematika Lanjutan, Fisika",Basket
DKI Jakarta,SMK Informatika Nusantara,Denpasar,Business,Screened,3284,86,90,73,83,21.0,771.0,Bahasa Jerman,Biologi,Pencak Silat
DKI Jakarta,SMA Negeri 1 Jakarta,Denpasar,Humanities & Interdisciplinary,Transfer,234,0,65,0,86,43.0,105.0,Bahasa Arab,"Biologi, Ekonomi",Bulu Tangkis
Jawa Barat,SMA Negeri 5 Jakarta,Jakarta Selatan,Health Professions,Ed. Opt.,766,78,84,42,80,98.0,408.0,Bahasa Arab,"Kimia, Bahasa Inggris",Pencak Silat
DKI Jakarta,SMA Negeri 2 Bandung,Bandung,Law & Government,Ed. Opt.,439,86,85,55,83,103.0,1453.0,Bahasa Jepang,"Fisika, Kimia","Renang, Bulu Tangkis"
Jawa Barat,SMK Pariwisata Bali,Bandung,Humanities & Interdisciplinary,Test,400,99,97,100,99,,,Bahasa Arab,"Matematika Lanjutan, Kimia, Ekonomi",Futsal
Yogyakarta,SMK Informatika Nusantara,Jakarta Selatan,Film/Video,Ed. Opt.,565,98,93,81,90,113.0,1435.0,Bahasa Jepang,"Bahasa Inggris, Biologi",Bulu Tangkis
DKI Jakarta,SMA Labschool Bandung,Surabaya,Humanities & Interdisciplinary,Ed. Opt.,586,84,88,56,74,61.0,350.0,Bahasa Jepang,Kimia,"Bulu Tangkis, Renang"
DKI Jakarta,SMA Labschool Bandung,Surabaya,Science & Math,Open,495,86,89,0,83,98.0,1108.0,Bahasa Arab,"Fisika, Matematika Lanjutan","Futsal, Basket"
Jawa Timur,SMA Negeri 1 Jakarta,Denpasar,Science & Math,Screened,541,98,96,83,88,64.0,1211.0,Bahasa Inggris,"Matematika Lanjutan, Ekonomi, Biologi",Renang
Bali,SMK Pariwisata Bali,Denpasar,Humanities & Interdisciplinary,Ed. Opt.,643,64,84,50,82,64.0,488.0,Bahasa Arab,"Matematika Lanjutan, Fisika, Bahasa Inggris","Renang, Futsal"
Bali,SMA Negeri 3 Sleman,Surabaya,Computer Science & Technology,Open,397,0,87,0,83,90.0,434.0,Bahasa Jerman,"Ekonomi, Fisika, Kimia",Futsal
DKI Jakarta,SMA Negeri 3 Sleman,Surabaya,Computer Science & Technology,Ed. Opt.,491,53,81,35,74,118.0,524.0,Bahasa Mandarin,"Bahasa Inggris, Fisika, Biologi",Pencak Silat
DKI Jakarta,SMK Teknologi Surabaya,Surabaya,Humanities & Interdisciplinary,Screened: Language,243,62,90,49,92,67.0,108.0,Bahasa Jerman,Biologi,Futsal
Jawa Barat,SMK Informatika Nusantara,Bandung,Humanities & Interdisciplinary,Screened: Language,341,58,81,42,78,64.0,180.0,Bahasa Arab,"Matematika Lanjutan, Fisika, Kimia","Pencak Silat, Basket"
Yogyakarta,SMA Plus Nusantara,Jakarta Selatan,Humanities & Interdisciplinary,Screened,1141,99,97,100,96,279.0,6015.0,Bahasa Mandarin,"Fisika, Matematika Lanjutan, Kimia",Pencak Silat
Yogyakarta,SMK Pariwisata Bali,Sleman,Humanities & Interdisciplinary,Transfer,334,0,62,0,96,25.0,30.0,Bahasa Arab,"Ekonomi, Bahasa Inggris, Biologi","Pencak Silat, Bulu Tangkis"
Bali,SMA Plus Nusantara,Jakarta Selatan,Business,Ed. Opt.,426,82,84,63,88,103.0,1202.0,Bahasa Mandarin,Biologi,"Basket, Pencak Silat"
Yogyakarta,SMA Negeri 3 Sleman,Sleman,Humanities & Interdisciplinary,Ed. Opt.,436,76,86,60,88,90.0,871.0,Bahasa Jerman,"Fisika, Biologi",Renang
Jawa Barat,SMA Negeri 2 Bandung,Sleman,Humanities & Interdisciplinary,Ed. Opt.,269,68,85,32,88,54.0,415.0,Bahasa Jerman,Bahasa Inggris,Bulu Tangkis
Bali,SMK Teknologi Surabaya,Sleman,Computer Science & Technology,Ed. Opt.,460,85,90,82,87,90.0,2328.0,Bahasa Jerman,"Ekonomi, Matematika Lanjutan","Bulu Tangkis, Pencak Silat"
Jawa Barat,SMK Informatika Nusantara,Bandung,Humanities & Interdisciplinary,For Continuing 8th Graders,583,66,91,57,71,,,Bahasa Inggris,"Matematika Lanjutan, Biologi, Fisika","Basket, Bulu Tangkis"
Bali,SMK Teknologi Surabaya,Jakarta Selatan,Health Professions,Ed. Opt.,333,71,80,32,77,89.0,284.0,Bahasa Jerman,Fisika,Pencak Silat
Jawa Timur,SMK Pariwisata Bali,Sleman,Humanities & Interdisciplinary,Ed. Opt.,195,75,91,51,77,62.0,153.0,Bahasa Jepang,"Fisika, Matematika Lanjutan, Kimia",Bulu Tangkis
Yogyakarta,SMA Plus Nusantara,Denpasar,Science & Math,Open,734,83,88,72,89,71.0,614.0,Bahasa Arab,"Kimia, Ekonomi","Bulu Tangkis, Futsal"
Jawa Timur,SMK Pariwisata Bali,Jakarta Selatan,Law & Government,Ed. Opt.,4557,89,92,75,89,67.0,4596.0,Bahasa Mandarin,"Matematika Lanjutan, Kimia, Ekonomi","Basket, Pencak Silat"
Jawa Timur,SMK Informatika Nusantara,Jakarta Selatan,Humanities & Interdisciplinary,Ed. Opt.,676,95,90,74,85,136.0,1620.0,Bahasa Jepang,"Bahasa Inggris, Matematika Lanjutan, Kimia","Basket, Renang"
Yogyakarta,SMA Negeri 1 Jakarta,Surabaya,Project-Based Learning,Ed. Opt.,347,84,87,70,88,74.0,374.0,Bahasa Jerman,"Bahasa Inggris, Ekonomi","Pencak Silat, Futsal"
Jawa Timur,SMK Informatika Nusantara,Surabaya,Engineering,Ed. Opt.,399,77,82,53,79,85.0,903.0,Bahasa Jepang,"Ekonomi, Biologi","Renang, Basket"
Jawa Timur,SMA Negeri 5 Jakarta,Sleman,Humanities & Interdisciplinary,Screened,491,98,93,78,90,52.0,1255.0,Bahasa Inggris,"Bahasa Inggris, Biologi","Basket, Renang"
Jawa Barat,SMK Teknologi Surabaya,Jakarta Selatan,Humanities & Interdisciplinary,Ed. Opt.,281,73,81,42,87,83.0,458.0,Bahasa Jepang,"Kimia, Biologi, Ekonomi",Basket
DKI Jakarta,SMK Pariwisata Bali,Denpasar,Humanities & Interdisciplinary,Screened: Language,337,74,89,56,93,71.0,296.0,Bahasa Jepang,Fisika,Basket
DKI Jakarta,SMA Negeri 5 Jakarta,Surabaya,Humanities & Interdisciplinary,Ed. Opt.,3783,88,90,73,84,25.0,592.0,Bahasa Jerman,Ekonomi,"Bulu Tangkis, Renang"
Bali,SMA Labschool Bandung,Jakarta Selatan,Science & Math,Ed. Opt.,463,92,91,75,93,85.0,3030.0,Bahasa Arab,Matematika Lanjutan,"Renang, Futsal"
Yogyakarta,SMA Plus Nusantara,Jakarta Selatan,Humanities & Interdisciplinary,Screened: Language,414,80,80,41,84,85.0,488.0,Bahasa Mandarin,"Bahasa Inggris, Matematika Lanjutan, Ekonomi","Bulu Tangkis, Basket"
Jawa Barat,SMA Labschool Bandung,Denpasar,Humanities & Interdisciplinary,Open,411,50,76,43,68,118.0,134.0,Bahasa Arab,"Kimia, Ekonomi, Biologi","Bulu Tangkis, Pencak Silat"
Jawa Barat,SMA Negeri 1 Jakarta,Sleman,Health Professions,Screened,690,96,95,92,82,90.0,1722.0,Bahasa Inggris,Bahasa Inggris,Basket
Jawa Barat,SMA Negeri 3 Sleman,Sleman,Humanities & Interdisciplinary,Open,558,82,89,0,80,109.0,480.0,Bahasa Jepang,"Kimia, Biologi, Fisika",Pencak Silat
Jawa Timur,SMK Pariwisata Bali,Denpasar,Business,Ed. Opt.,242,67,81,48,68,89.0,268.0,Bahasa Inggris,"Bahasa Inggris, Matematika Lanjutan, Kimia","Pencak Silat, Bulu Tangkis"
Jawa Barat,SMK Pariwisata Bali,Bandung,Humanities & Interdisciplinary,Screened,4582,75,90,70,80,91.0,3148.0,Bahasa Arab,"Biologi, Matematika Lanjutan, Kimia",Pencak Silat
DKI Jakarta,SMA Negeri 3 Sleman,Bandung,Humanities & Interdisciplinary,Ed. Opt.,318,0,89,0,78,78.0,263.0,Bahasa Inggris,"Fisika, Bahasa Inggris",Renang
Jawa Barat,SMK Informatika Nusantara,Denpasar,Humanities & Interdisciplinary,Screened,460,100,97,94,95,92.0,4508.0,Bahasa Inggris,"Biologi, Fisika","Renang, Pencak Silat"
DKI Jakarta,SMA Labschool Bandung,Sleman,Science & Math,Ed. Opt.,513,73,84,64,83,85.0,1482.0,Bahasa Arab,"Bahasa Inggris, Biologi",Pencak Silat
Bali,SMA Negeri 3 Sleman,Sleman,Law & Government,Screened,454,95,93,84,86,29.0,396.0,Bahasa Mandarin,"Fisika, Ekonomi, Kimia",Pencak Silat
Bali,SMA Negeri 5 Jakarta,Surabaya,Engineering,Ed. Opt.,197,79,89,34,82,93.0,312.0,Bahasa Jepang,"Biologi, Bahasa Inggris, Ekonomi",Basket
DKI Jakarta,SMA Labschool Bandung,Bandung,Humanities & Interdisciplinary,Open,253,0,0,0,77,64.0,59.0,Bahasa Arab,Kimia,Bulu Tangkis
DKI Jakarta,SMA Labschool Bandung,Bandung,Humanities & Interdisciplinary,Screened: Language,382,62,84,49,87,64.0,389.0,Bahasa Jerman,"Ekonomi, Kimia, Biologi","Pencak Silat, Bulu Tangkis"
Yogyakarta,SMA Labschool Bandung,Sleman,Humanities & Interdisciplinary,Screened,602,97,94,88,89,67.0,1546.0,Bahasa Jepang,"Fisika, Biologi, Kimia",Futsal
Jawa Timur,SMA Negeri 5 Jakarta,Jakarta Selatan,Engineering,Test,1320,100,97,88,99,,,Bahasa Inggris,"Matematika Lanjutan, Biologi, Bahasa Inggris","Bulu Tangkis, Pencak Silat"
Jawa Timur,SMK Pariwisata Bali,Bandung,Humanities & Interdisciplinary,Open,453,76,84,50,85,88.0,1152.0,Bahasa Jepang,"Fisika, Bahasa Inggris",Bulu Tangkis
Jawa Barat,SMA Negeri 3 Sleman,Sleman,Architecture,Audition,1447,85,90,66,92,44.0,296.0,Bahasa Arab,"Matematika Lanjutan, Kimia","Renang, Pencak Silat"
Yogyakarta,SMA Negeri 2 Bandung,Bandung,Visual Art & Design,Ed. Opt.,432,72,85,44,83,84.0,501.0,Bahasa Jerman,"Fisika, Bahasa Inggris, Ekonomi","Futsal, Bulu Tangkis"
Jawa Barat,SMK Teknologi Surabaya,Jakarta Selatan,Health Professions,Ed. Opt.,398,87,88,79,81,62.0,871.0,Bahasa Jepang,"Kimia, Fisika",Futsal
Yogyakarta,SMA Plus Nusantara,Jakarta Selatan,Humanities & Interdisciplinary,Open,1196,98,92,84,94,225.0,4312.0,Bahasa Jerman,"Matematika Lanjutan, Ekonomi","Pencak Silat, Basket"
Jawa Timur,SMK Informatika Nusantara,Denpasar,Humanities & Interdisciplinary,Screened,496,97,95,88,98,112.0,4488.0,Bahasa Mandarin,"Biologi, Matematika Lanjutan, Ekonomi","Pencak Silat, Futsal"
Yogyakarta,SMA Negeri 2 Bandung,Bandung,Science & Math,Ed. Opt.,616,86,86,76,81,64.0,910.0,Bahasa Inggris,"Fisika, Kimia, Matematika Lanjutan",Bulu Tangkis
Yogyakarta,SMA Negeri 1 Jakarta,Sleman,Teaching,Ed. Opt.,3045,80,87,56,81,54.0,291.0,Bahasa Inggris,"Bahasa Inggris, Fisika, Biologi","Renang, Basket"
Bali,SMK Teknologi Surabaya,Denpasar,Humanities & Interdisciplinary,Screened: Language,448,39,80,21,83,75.0,131.0,Bahasa Jerman,"Bahasa Inggris, Matematika Lanjutan","Bulu Tangkis, Futsal"
DKI Jakarta,SMA Negeri 1 Jakarta,Denpasar,Communications,Ed. Opt.,567,97,93,85,77,45.0,414.0,Bahasa Mandarin,"Matematika Lanjutan, Bahasa Inggris, Fisika","Bulu Tangkis, Basket"
Yogyakarta,SMA Plus Nusantara,Surabaya,Humanities & Interdisciplinary,Ed. Opt.,3601,73,86,55,78,83.0,601.0,Bahasa Jepang,Kimia,"Pencak Silat, Futsal"
Yogyakarta,SMA Negeri 2 Bandung,Surabaya,Health Professions,Ed. Opt.,3367,73,87,59,91,83.0,953.0,Bahasa Arab,Matematika Lanjutan,"Basket, Renang"
Yogyakarta,SMA Negeri 2 Bandung,Denpasar,Humanities & Interdisciplinary,Ed. Opt.,1313,93,92,59,82,65.0,535.0,Bahasa Mandarin,Biologi,"Renang, Futsal"
Yogyakarta,SMK Pariwisata Bali,Surabaya,Performing Arts/Visual Art & Design,Audition,356,93,91,72,89,85.0,852.0,Bahasa Jepang,"Bahasa Inggris, Biologi, Ekonomi",Futsal
Jawa Timur,SMK Teknologi Surabaya,Jakarta Selatan,Law & Government,Open,264,64,74,34,88,89.0,238.0,Bahasa Jepang,"Biologi, Fisika","Renang, Pencak Silat"
Jawa Timur,SMA Labschool Bandung,Bandung,Engineering,Ed. Opt.,241,75,85,0,86,67.0,208.0,Bahasa Mandarin,"Bahasa Inggris, Ekonomi, Biologi",Renang
DKI Jakarta,SMK Informatika Nusantara,Jakarta Selatan,Humanities & Interdisciplinary,Screened,522,82,85,72,85,64.0,1006.0,Bahasa Mandarin,"Biologi, Kimia, Fisika",Pencak Silat
DKI Jakarta,SMA Negeri 2 Bandung,Bandung,Humanities & Interdisciplinary,Ed. Opt.,215,65,84,61,76,103.0,173.0,Bahasa Arab,Ekonomi,Pencak Silat
Bali,SMK Informatika Nusantara,Surabaya,Teaching,Ed. Opt.,1073,91,91,79,80,233.0,954.0,Bahasa Jepang,"Ekonomi, Fisika",Bulu Tangkis
Yogyakarta,SMA Negeri 3 Sleman,Sleman,Law & Government,Ed. Opt.,2000,76,90,38,78,97.0,523.0,Bahasa Inggris,"Ekonomi, Bahasa Inggris",Basket
Bali,SMK Pariwisata Bali,Denpasar,Science & Math,Ed. Opt.,281,70,75,42,74,85.0,232.0,Bahasa Mandarin,Biologi,"Basket, Futsal"
Jawa Timur,SMA Negeri 5 Jakarta,Surabaya,Humanities & Interdisciplinary,Ed. Opt.,429,63,79,53,77,85.0,543.0,Bahasa Arab,"Fisika, Biologi",Basket
Bali,SMK Pariwisata Bali,Sleman,Science & Math,Screened,1011,94,96,75,90,206.0,4253.0,Bahasa Jerman,"Matematika Lanjutan, Bahasa Inggris, Fisika","Bulu Tangkis, Basket"
Jawa Barat,SMK Teknologi Surabaya,Bandung,Computer Science & Technology,Ed. Opt.,353,86,86,75,87,68.0,427.0,Bahasa Arab,Fisika,"Pencak Silat, Basket"
DKI Jakarta,SMA Negeri 2 Bandung,Surabaya,Science & Math,Screened,702,100,94,88,91,80.0,3225.0,Bahasa Mandarin,"Kimia, Matematika Lanjutan","Futsal, Pencak Silat"
Jawa Timur,SMA Plus Nusantara,Sleman,Humanities & Interdisciplinary,Ed. Opt.,681,90,84,74,86,74.0,456.0,Bahasa Jepang,"Fisika, Bahasa Inggris, Biologi","Futsal, Pencak Silat"
DKI Jakarta,SMA Plus Nusantara,Sleman,Humanities & Interdisciplinary,Open,329,66,82,39,76,90.0,172.0,Bahasa Jepang,Kimia,"Basket, Futsal"
Jawa Barat,SMA Labschool Bandung,Surabaya,Humanities & Interdisciplinary,Open,456,80,88,46,84,85.0,511.0,Bahasa Arab,Fisika,Pencak Silat
Jawa Timur,SMA Plus Nusantara,Surabaya,Humanities & Interdisciplinary,Ed. Opt.,364,69,78,48,74,95.0,254.0,Bahasa Jerman,"Ekonomi, Kimia",Renang
Yogyakarta,SMA Labschool Bandung,Surabaya,Animal Science,Ed. Opt.,468,78,88,66,82,45.0,265.0,Bahasa Mandarin,"Biologi, Ekonomi, Matematika Lanjutan","Renang, Bulu Tangkis"
Yogyakarta,SMA Labschool Bandung,Bandung,Engineering,Ed. Opt.,384,63,79,42,77,124.0,402.0,Bahasa Inggris,"Fisika, Biologi",Renang
Jawa Timur,SMA Negeri 1 Jakarta,Jakarta Selatan,Engineering,Screened,1027,98,94,82,88,70.0,1131.0,Bahasa Jepang,"Fisika, Matematika Lanjutan","Renang, Bulu Tangkis"
DKI Jakarta,SMA Negeri 2 Bandung,Sleman,Engineering,Test,500,99,96,99,97,,,Bahasa Mandarin,"Fisika, Ekonomi, Kimia","Basket, Renang"
Jawa Timur,SMA Labschool Bandung,Denpasar,Animal Science,Ed. Opt.,1998,71,86,45,84,107.0,583.0,Bahasa Inggris,Matematika Lanjutan,Pencak Silat
Jawa Barat,SMK Informatika Nusantara,Sleman,Performing Arts,Ed. Opt.,264,67,71,43,75,85.0,236.0,Bahasa Jerman,Biologi,"Pencak Silat, Basket"
Jawa Barat,SMK Teknologi Surabaya,Sleman,Humanities & Interdisciplinary,Ed. Opt.,382,76,82,55,92,90.0,266.0,Bahasa Arab,"Kimia, Matematika Lanjutan, Ekonomi",Pencak Silat
Bali,SMA Plus Nusantara,Sleman,Humanities & Interdisciplinary,Ed. Opt.,609,74,87,60,68,64.0,767.0,Bahasa Jepang,"Kimia, Matematika Lanjutan, Bahasa Inggris","Bulu Tangkis, Renang"
Yogyakarta,SMA Labschool Bandung,Denpasar,Humanities & Interdisciplinary,Screened,498,97,94,87,94,90.0,2959.0,Bahasa Jepang,"Biologi, Bahasa Inggris",Bulu Tangkis
Yogyakarta,SMA Negeri 3 Sleman,Denpasar,Humanities & Interdisciplinary,Screened,406,96,94,69,95,76.0,2893.0,Bahasa Inggris,"Ekonomi, Bahasa Inggris, Matematika Lanjutan","Bulu Tangkis, Basket"
DKI Jakarta,SMA Negeri 3 Sleman,Surabaya,Humanities & Interdisciplinary,Screened,165,91,86,62,92,57.0,353.0,Bahasa Jepang,"Biologi, Ekonomi",Pencak Silat
Jawa Timur,SMA Negeri 1 Jakarta,Surabaya,Engineering,Ed. Opt.,463,80,84,37,73,82.0,407.0,Bahasa Arab,"Matematika Lanjutan, Fisika",Basket
DKI Jakarta,SMK Teknologi Surabaya,Denpasar,Humanities & Interdisciplinary,Test,678,99,93,85,89,,,Bahasa Arab,"Bahasa Inggris, Biologi",Pencak Silat
Jawa Timur,SMA Negeri 5 Jakarta,Bandung,Humanities & Interdisciplinary,Ed. Opt.,375,58,66,35,79,85.0,218.0,Bahasa Inggris,"Biologi, Fisika","Basket, Renang"
Bali,SMA Negeri 3 Sleman,Jakarta Selatan,Law & Government,Screened,594,74,85,49,74,63.0,494.0,Bahasa Jerman,"Bahasa Inggris, Kimia","Futsal, Renang"
Bali,SMA Negeri 3 Sleman,Jakarta Selatan,Humanities & Interdisciplinary,Screened: Language,417,63,88,53,86,89.0,158.0,Bahasa Inggris,Bahasa Inggris,Renang
Jawa Timur,SMA Negeri 2 Bandung,Surabaya,Performing Arts,Audition,242,96,91,87,85,50.0,306.0,Bahasa Mandarin,Fisika,"Basket, Futsal"
DKI Jakarta,SMA Negeri 2 Bandung,Surabaya,Humanities & Interdisciplinary,Screened,547,81,91,60,83,90.0,430.0,Bahasa Mandarin,"Matematika Lanjutan, Ekonomi, Biologi","Basket, Renang"
Jawa Barat,SMA Negeri 2 Bandung,Bandung,Humanities & Interdisciplinary,Transfer,168,0,76,0,79,33.0,31.0,Bahasa Arab,Fisika,"Bulu Tangkis, Futsal"
Jawa Barat,SMA Plus Nusantara,Jakarta Selatan,Humanities & Interdisciplinary,Screened,339,0,0,0,94,75.0,1010.0,Bahasa Jerman,"Matematika Lanjutan, Biologi, Kimia",Renang
Jawa Timur,SMA Labschool Bandung,Bandung,Humanities & Interdisciplinary,Screened,623,99,97,94,98,134.0,4274.0,Bahasa Arab,"Ekonomi, Fisika","Renang, Futsal"
Bali,SMA Negeri 5 Jakarta,Jakarta Selatan,Culinary Arts,Ed. Opt.,208,53,82,30,79,89.0,178.0,Bahasa Mandarin,"Ekonomi, Fisika, Matematika Lanjutan","Pencak Silat, Basket"
Yogyakarta,SMK Informatika Nusantara,Denpasar,Performing Arts,Ed. Opt.,287,73,84,28,77,89.0,151.0,Bahasa Arab,"Kimia, Ekonomi, Matematika Lanjutan","Basket, Pencak Silat"
Jawa Timur,SMK Teknologi Surabaya,Sleman,Humanities & Interdisciplinary,Screened,492,87,92,75,91,45.0,575.0,Bahasa Jepang,"Bahasa Inggris, Ekonomi, Biologi",Basket
DKI Jakarta,SMK Teknologi Surabaya,Sleman,Computer Science & Technology,Ed. Opt.,443,81,84,31,90,45.0,301.0,Bahasa Arab,"Biologi, Matematika Lanjutan, Kimia","Futsal, Pencak Silat"
DKI Jakarta,SMA Negeri 5 Jakarta,Sleman,Computer Science & Technology,Ed. Opt.,351,66,81,37,86,85.0,270.0,Bahasa Arab,"Ekonomi, Kimia",Bulu Tangkis
DKI Jakarta,SMA Plus Nusantara,Jakarta Selatan,Performing Arts,Audition,2809,98,95,82,94,,,Bahasa Jerman,"Bahasa Inggris, Fisika",Renang
Jawa Barat,SMK Informatika Nusantara,Denpasar,Film/Video,Screened,206,69,89,71,78,74.0,623.0,Bahasa Jerman,Kimia,Basket
Jawa Timur,SMA Negeri 1 Jakarta,Denpasar,Humanities & Interdisciplinary,Transfer,205,0,56,0,98,25.0,4.0,Bahasa Arab,Ekonomi,"Bulu Tangkis, Basket"
DKI Jakarta,SMA Negeri 2 Bandung,Surabaya,Visual Art & Design,Ed. Opt.,303,89,88,60,82,67.0,387.0,Bahasa Inggris,"Fisika, Ekonomi","Bulu Tangkis, Futsal"
Jawa Barat,SMA Negeri 3 Sleman,Bandung,Humanities & Interdisciplinary,Ed. Opt.,665,93,92,82,93,87.0,1047.0,Bahasa Mandarin,"Ekonomi, Kimia",Renang
Bali,SMK Pariwisata Bali,Sleman,Health Professions,Ed. Opt.,395,81,88,59,64,85.0,642.0,Bahasa Arab,"Ekonomi, Fisika, Biologi","Pencak Silat, Bulu Tangkis"
Jawa Timur,SMK Pariwisata Bali,Surabaya,Humanities & Interdisciplinary,Ed. Opt.,432,89,85,57,83,85.0,1334.0,Bahasa Jerman,"Matematika Lanjutan, Fisika, Ekonomi","Renang, Pencak Silat"
Yogyakarta,SMK Pariwisata Bali,Denpasar,Project-Based Learning,Screened,411,97,93,78,85,90.0,1345.0,Bahasa Jerman,"Bahasa Inggris, Fisika","Futsal, Renang"
DKI Jakarta,SMA Negeri 5 Jakarta,Jakarta Selatan,Science & Math,Ed. Opt.,373,74,90,57,84,89.0,362.0,Bahasa Inggris,"Bahasa Inggris, Kimia","Pencak Silat, Basket"
Yogyakarta,SMA Labschool Bandung,Sleman,Humanities & Interdisciplinary,Open,476,64,79,54,83,100.0,830.0,Bahasa Arab,Kimia,"Bulu Tangkis, Renang"
Bali,SMK Pariwisata Bali,Sleman,Humanities & Interdisciplinary,Screened,1376,100,95,98,95,129.0,1715.0,Bahasa Jepang,Fisika,"Bulu Tangkis, Futsal"
Jawa Barat,SMA Negeri 3 Sleman,Surabaya,Engineering,Ed. Opt.,346,68,82,46,67,148.0,342.0,Bahasa Arab,Fisika,Futsal
Jawa Barat,SMK Teknologi Surabaya,Sleman,Science & Math,Test,473,100,97,91,93,,,Bahasa Inggris,"Fisika, Matematika Lanjutan, Ekonomi","Basket, Futsal"
Jawa Timur,SMA Negeri 2 Bandung,Bandung,Science & Math,Ed. Opt.,197,61,90,33,75,19.0,103.0,Bahasa Mandarin,Fisika,Bulu Tangkis
Jawa Timur,SMA Labschool Bandung,Denpasar,Health Professions,Open,359,83,83,56,87,89.0,435.0,Bahasa Mandarin,Biologi,"Futsal, Renang"
Jawa Barat,SMA Negeri 3 Sleman,Sleman,Humanities & Interdisciplinary,Open,401,76,88,53,72,116.0,255.0,Bahasa Arab,Bahasa Inggris,Futsal
Yogyakarta,SMK Pariwisata Bali,Jakarta Selatan,Humanities & Interdisciplinary,Ed. Opt.,546,89,88,73,87,55.0,512.0,Bahasa Inggris,Fisika,Futsal
DKI Jakarta,SMA Negeri 2 Bandung,Jakarta Selatan,Humanities & Interdisciplinary,Screened,672,99,94,88,96,131.0,5062.0,Bahasa Mandarin,Bahasa Inggris,"Basket, Bulu Tangkis"
DKI Jakarta,SMA Plus Nusantara,Jakarta Selatan,Science & Math,Screened,1549,67,86,36,81,54.0,215.0,Bahasa Mandarin,Fisika,"Pencak Silat, Basket"
Bali,SMA Negeri 1 Jakarta,Bandung,Humanities & Interdisciplinary,Ed. Opt.,157,66,82,37,85,89.0,207.0,Bahasa Jepang,Fisika,"Basket, Renang"
Bali,SMK Pariwisata Bali,Sleman,Humanities & Interdisciplinary,Screened,632,78,80,56,85,62.0,239.0,Bahasa Jepang,"Ekonomi, Bahasa Inggris, Kimia",Pencak Silat
Yogyakarta,SMA Negeri 1 Jakarta,Bandung,Humanities & Interdisciplinary,Transfer,201,0,68,0,97,50.0,35.0,Bahasa Inggris,Ekonomi,"Pencak Silat, Basket"
Jawa Timur,SMA Negeri 2 Bandung,Jakarta Selatan,Humanities & Interdisciplinary,Open,340,83,87,74,96,67.0,1416.0,Bahasa Arab,Biologi,"Bulu Tangkis, Pencak Silat"
Jawa Barat,SMA Labschool Bandung,Sleman,Science & Math,Open,297,66,80,36,74,90.0,359.0,Bahasa Inggris,"Matematika Lanjutan, Bahasa Inggris","Basket, Bulu Tangkis"
Yogyakarta,SMK Informatika Nusantara,Denpasar,Humanities & Interdisciplinary,Screened,750,99,94,79,90,90.0,1567.0,Bahasa Jerman,"Ekonomi, Matematika Lanjutan, Biologi","Futsal, Basket"
Yogyakarta,SMK Teknologi Surabaya,Sleman,Science & Math,Screened: Language,559,73,86,41,84,65.0,255.0,Bahasa Arab,"Bahasa Inggris, Ekonomi, Fisika",Pencak Silat
DKI Jakarta,SMK Informatika Nusantara,Denpasar,Humanities & Interdisciplinary,Screened: Language,436,62,89,42,93,64.0,216.0,Bahasa Arab,Bahasa Inggris,Futsal
Yogyakarta,SMA Negeri 1 Jakarta,Denpasar,Health Professions,Ed. Opt.,574,60,80,47,66,128.0,291.0,Bahasa Inggris,"Fisika, Matematika Lanjutan","Pencak Silat, Futsal"
Yogyakarta,SMA Negeri 5 Jakarta,Bandung,Computer Science & Technology,Open,2587,73,85,48,75,68.0,255.0,Bahasa Inggris,"Fisika, Ekonomi","Pencak Silat, Futsal"
Bali,SMA Negeri 5 Jakarta,Jakarta Selatan,Computer Science & Technology,Ed. Opt.,285,81,82,48,77,50.0,211.0,Bahasa Jerman,"Ekonomi, Fisika, Kimia",Futsal
Yogyakarta,SMA Labschool Bandung,Sleman,Humanities & Interdisciplinary,Ed. Opt.,1375,73,84,53,87,86.0,804.0,Bahasa Inggris,"Ekonomi, Bahasa Inggris, Biologi",Bulu Tangkis
Bali,SMK Pariwisata Bali,Surabaya,Visual Art & Design,Audition,3024,97,93,84,79,58.0,1057.0,Bahasa Jepang,"Bahasa Inggris, Kimia","Pencak Silat, Futsal"
Bali,SMA Negeri 3 Sleman,Sleman,Humanities & Interdisciplinary,Ed. Opt.,523,70,83,44,86,164.0,250.0,Bahasa Arab,"Kimia, Matematika Lanjutan","Renang, Futsal"
Jawa Barat,SMK Informatika Nusantara,Sleman,Engineering,Ed. Opt.,410,63,83,48,64,85.0,681.0,Bahasa Inggris,"Ekonomi, Matematika Lanjutan","Futsal, Basket"
Yogyakarta,SMA Labschool Bandung,Sleman,Health Professions,Ed. Opt.,315,93,93,87,88,85.0,1155.0,Bahasa Jerman,"Bahasa Inggris, Kimia",Renang
Bali,SMK Teknologi Surabaya,Sleman,Humanities & Interdisciplinary,Screened,657,98,91,89,79,89.0,1415.0,Bahasa Mandarin,"Kimia, Bahasa Inggris, Matematika Lanjutan",Bulu Tangkis
Jawa Timur,SMA Labschool Bandung,Surabaya,Law & Government,Ed. Opt.,281,74,83,0,86,90.0,198.0,Bahasa Jerman,"Ekonomi, Fisika, Matematika Lanjutan","Futsal, Pencak Silat"
Jawa Timur,SMK Pariwisata Bali,Sleman,Environmental Science,Ed. Opt.,272,70,80,44,80,89.0,194.0,Bahasa Inggris,Kimia,"Bulu Tangkis, Pencak Silat"
Jawa Timur,SMA Plus Nusantara,Bandung,Health Professions,Screened,1819,94,92,72,93,155.0,1790.0,Bahasa Jerman,Kimia,Renang
Jawa Barat,SMK Informatika Nusantara,Bandung,Humanities & Interdisciplinary,Open,273,0,78,0,81,89.0,165.0,Bahasa Mandarin,Fisika,Renang
Jawa Timur,SMA Negeri 3 Sleman,Surabaya,Humanities & Interdisciplinary,Ed. Opt.,756,81,90,67,82,125.0,372.0,Bahasa Inggris,"Ekonomi, Kimia",Pencak Silat
Bali,SMA Negeri 1 Jakarta,Bandung,Performing Arts,Open,450,54,86,41,76,21.0,214.0,Bahasa Jerman,"Kimia, Matematika Lanjutan","Renang, Futsal"
Jawa Barat,SMA Negeri 1 Jakarta,Bandung,Law & Government,Ed. Opt.,771,85,91,71,81,27.0,1135.0,Bahasa Arab,"Bahasa Inggris, Matematika Lanjutan, Biologi",Futsal
Bali,SMA Negeri 1 Jakarta,Sleman,Engineering,Ed. Opt.,792,77,87,30,77,27.0,126.0,Bahasa Mandarin,"Kimia, Bahasa Inggris, Matematika Lanjutan",Renang
Bali,SMK Informatika Nusantara,Bandung,Communications,Screened: Language,323,96,89,74,91,25.0,531.0,Bahasa Jepang,Matematika Lanjutan,"Renang, Futsal"
Yogyakarta,SMK Teknologi Surabaya,Denpasar,Visual Art & Design,Audition,370,69,76,45,85,19.0,110.0,Bahasa Jepang,Kimia,"Renang, Futsal"
Jawa Barat,SMA Negeri 3 Sleman,Surabaya,"Hospitality, Travel, & Tourism",Ed. Opt.,465,90,93,70,92,66.0,212.0,Bahasa Mandarin,Bahasa Inggris,"Bulu Tangkis, Pencak Silat"
DKI Jakarta,SMA Plus Nusantara,Surabaya,Health Professions,Ed. Opt.,424,93,91,69,87,89.0,822.0,Bahasa Jerman,"Fisika, Kimia, Matematika Lanjutan",Bulu Tangkis
Yogyakarta,SMA Plus Nusantara,Sleman,Computer Science & Technology,Ed. Opt.,713,73,84,45,77,50.0,336.0,Bahasa Mandarin,Bahasa Inggris,"Futsal, Bulu Tangkis"
Yogyakarta,SMK Pariwisata Bali,Denpasar,Health Professions,Ed. Opt.,3563,80,87,59,71,124.0,1305.0,Bahasa Jerman,"Fisika, Bahasa Inggris, Matematika Lanjutan",Futsal
DKI Jakarta,SMK Pariwisata Bali,Sleman,Law & Government,Ed. Opt.,330,55,79,53,95,64.0,433.0,Bahasa Jerman,"Kimia, Fisika, Matematika Lanjutan",Pencak Silat
Jawa Timur,SMA Negeri 1 Jakarta,Bandung,Health Professions,Screened: Language,307,61,88,0,85,68.0,328.0,Bahasa Mandarin,"Biologi, Matematika Lanjutan, Bahasa Inggris","Renang, Basket"
Yogyakarta,SMK Teknologi Surabaya,Jakarta Selatan,Humanities & Interdisciplinary,Open,349,47,83,34,69,90.0,165.0,Bahasa Mandarin,"Biologi, Ekonomi",Futsal
Jawa Timur,SMK Pariwisata Bali,Jakarta Selatan,Humanities & Interdisciplinary,Ed. Opt.,405,64,91,39,76,85.0,306.0,Bahasa Jerman,Fisika,Bulu Tangkis
DKI Jakarta,SMK Pariwisata Bali,Denpasar,Humanities & Interdisciplinary,Ed. Opt.,396,67,85,33,80,75.0,365.0,Bahasa Jerman,"Matematika Lanjutan, Ekonomi",Pencak Silat
DKI Jakarta,SMA Labschool Bandung,Jakarta Selatan,Computer Science & Technology,Ed. Opt.,386,0,89,0,86,90.0,458.0,Bahasa Jerman,"Matematika Lanjutan, Biologi",Bulu Tangkis
Jawa Timur,SMA Negeri 1 Jakarta,Denpasar,Performing Arts,Audition,278,75,81,40,91,27.0,82.0,Bahasa Jepang,"Ekonomi, Fisika",Bulu Tangkis
Jawa Barat,SMA Negeri 1 Jakarta,Denpasar,Humanities & Interdisciplinary,Screened,437,90,93,82,89,42.0,1464.0,Bahasa Arab,"Ekonomi, Biologi","Futsal, Renang"
Jawa Timur,SMA Negeri 5 Jakarta,Bandung,Health Professions,Ed. Opt.,420,89,89,0,86,90.0,301.0,Bahasa Inggris,"Bahasa Inggris, Ekonomi, Biologi",Futsal
Jawa Timur,SMA Negeri 3 Sleman,Surabaya,Humanities & Interdisciplinary,Ed. Opt.,649,93,91,87,90,47.0,550.0,Bahasa Jepang,Biologi,"Renang, Bulu Tangkis"
Yogyakarta,SMK Informatika Nusantara,Denpasar,Law & Government,Ed. Opt.,544,73,88,42,79,119.0,490.0,Bahasa Inggris,"Matematika Lanjutan, Bahasa Inggris","Pencak Silat, Renang"
Jawa Barat,SMK Pariwisata Bali,Bandung,Culinary Arts,Ed. Opt.,2309,80,88,57,80,91.0,560.0,Bahasa Jerman,"Fisika, Bahasa Inggris",Futsal
DKI Jakarta,SMK Teknologi Surabaya,Denpasar,Humanities & Interdisciplinary,Ed. Opt.,270,67,85,57,76,67.0,82.0,Bahasa Arab,Ekonomi,Futsal
Yogyakarta,SMA Negeri 5 Jakarta,Jakarta Selatan,Engineering,Open,334,63,82,24,83,167.0,180.0,Bahasa Inggris,"Fisika, Biologi, Kimia",Futsal
Jawa Barat,SMA Labschool Bandung,Sleman,Humanities & Interdisciplinary,Transfer,225,0,53,0,100,25.0,5.0,Bahasa Inggris,Bahasa Inggris,"Renang, Bulu Tangkis"
Bali,SMK Teknologi Surabaya,Bandung,Science & Math,Ed. Opt.,415,71,80,41,76,125.0,312.0,Bahasa Jerman,"Matematika Lanjutan, Kimia",Basket
Jawa Timur,SMA Negeri 5 Jakarta,Surabaya,Computer Science & Technology,Open,417,82,89,65,81,90.0,613.0,Bahasa Inggris,Bahasa Inggris,Basket
Jawa Barat,SMK Teknologi Surabaya,Bandung,Humanities & Interdisciplinary,Screened,456,99,98,91,93,83.0,4854.0,Bahasa Jerman,"Fisika, Matematika Lanjutan","Pencak Silat, Bulu Tangkis"
DKI Jakarta,SMK Pariwisata Bali,Surabaya,Computer Science & Technology,Screened,1003,86,91,78,85,107.0,1026.0,Bahasa Inggris,Fisika,Pencak Silat
Yogyakarta,SMA Negeri 2 Bandung,Surabaya,Performing Arts/Visual Art & Design,Ed. Opt.,221,78,81,60,82,89.0,369.0,Bahasa Inggris,Biologi,Futsal
Bali,SMA Plus Nusantara,Denpasar,Communications,Ed. Opt.,621,93,92,65,94,117.0,979.0,Bahasa Inggris,"Bahasa Inggris, Fisika",Pencak Silat
Jawa Timur,SMA Plus Nusantara,Jakarta Selatan,Humanities & Interdisciplinary,Screened: Language,337,67,89,51,83,74.0,177.0,Bahasa Inggris,"Biologi, Matematika Lanjutan, Kimia","Bulu Tangkis, Futsal"
Jawa Barat,SMA Negeri 3 Sleman,Jakarta Selatan,Science & Math,Ed. Opt.,511,83,88,73,85,90.0,1701.0,Bahasa Jepang,"Bahasa Inggris, Ekonomi",Renang
Yogyakarta,SMK Pariwisata Bali,Sleman,Business,Ed. Opt.,135,66,78,26,85,89.0,190.0,Bahasa Jepang,"Fisika, Ekonomi, Bahasa Inggris","Pencak Silat, Futsal"
Yogyakarta,SMA Negeri 3 Sleman,Jakarta Selatan,Visual Art & Design,Screened,2133,89,93,73,87,86.0,1348.0,Bahasa Arab,"Biologi, Fisika, Matematika Lanjutan",Renang
Yogyakarta,SMA Negeri 2 Bandung,Surabaya,Communications,Ed. Opt.,408,46,90,35,72,124.0,359.0,Bahasa Mandarin,"Matematika Lanjutan, Fisika",Basket
Jawa Barat,SMA Plus Nusantara,Denpasar,Science & Math,Ed. Opt.,463,62,87,39,80,145.0,563.0,Bahasa Mandarin,"Kimia, Ekonomi, Bahasa Inggris","Renang, Pencak Silat"
Jawa Timur,SMA Plus Nusantara,Bandung,Health Professions,Ed. Opt.,489,57,82,68,71,106.0,458.0,Bahasa Arab,"Kimia, Fisika",Basket
Jawa Barat,SMK Informatika Nusantara,Jakarta Selatan,Humanities & Interdisciplinary,Ed. Opt.,148,74,79,49,89,98.0,114.0,Bahasa Arab,"Fisika, Bahasa Inggris","Futsal, Bulu Tangkis"
Bali,SMA Plus Nusantara,Jakarta Selatan,Project-Based Learning,Open,841,97,93,90,90,90.0,2044.0,Bahasa Inggris,"Kimia, Biologi, Matematika Lanjutan","Futsal, Bulu Tangkis"
Jawa Timur,SMA Negeri 2 Bandung,Surabaya,Science & Math,Ed. Opt.,686,63,78,43,70,61.0,272.0,Bahasa Arab,"Ekonomi, Matematika Lanjutan, Bahasa Inggris","Basket, Pencak Silat"
DKI Jakarta,SMK Informatika Nusantara,Jakarta Selatan,Humanities & Interdisciplinary,Ed. Opt.,354,82,84,49,72,89.0,209.0,Bahasa Arab,"Ekonomi, Bahasa Inggris, Matematika Lanjutan","Pencak Silat, Bulu Tangkis"
DKI Jakarta,SMK Informatika Nusantara,Bandung,Business,Ed. Opt.,1921,71,90,49,85,90.0,369.0,Bahasa Mandarin,"Biologi, Ekonomi","Renang, Basket"
Jawa Timur,SMA Plus Nusantara,Sleman,Humanities & Interdisciplinary,Ed. Opt.,1681,69,87,42,80,109.0,394.0,Bahasa Jerman,Biologi,Basket
Yogyakarta,SMA Negeri 2 Bandung,Surabaya,Business,Ed. Opt.,515,72,77,57,88,98.0,776.0,Bahasa Mandarin,"Matematika Lanjutan, Biologi",Pencak Silat
DKI Jakarta,SMK Informatika Nusantara,Surabaya,Humanities & Interdisciplinary,Ed. Opt.,271,63,85,50,78,67.0,231.0,Bahasa Mandarin,Bahasa Inggris,"Basket, Renang"
Jawa Barat,SMA Negeri 5 Jakarta,Surabaya,Humanities & Interdisciplinary,Screened: Language & Academics,396,100,98,86,92,90.0,1232.0,Bahasa Jerman,Kimia,Renang
Yogyakarta,SMA Negeri 2 Bandung,Surabaya,Humanities & Interdisciplinary,Open,1230,77,87,51,90,267.0,640.0,Bahasa Arab,Biologi,Basket
Jawa Barat,SMA Labschool Bandung,Surabaya,Communications,Ed. Opt.,367,0,92,0,86,93.0,689.0,Bahasa Jerman,Biologi,Basket
Jawa Timur,SMA Negeri 2 Bandung,Jakarta Selatan,Humanities & Interdisciplinary,Ed. Opt.,815,77,84,56,87,67.0,448.0,Bahasa Arab,"Kimia, Matematika Lanjutan","Pencak Silat, Futsal"
Bali,SMA Labschool Bandung,Denpasar,Humanities & Interdisciplinary,Screened: Language,354,80,92,63,89,67.0,542.0,Bahasa Mandarin,Kimia,Basket
Bali,SMA Negeri 5 Jakarta,Bandung,Health Professions,Screened,508,84,91,77,87,64.0,1202.0,Bahasa Jerman,"Fisika, Matematika Lanjutan","Futsal, Pencak Silat"
DKI Jakarta,SMA Negeri 2 Bandung,Surabaya,Humanities & Interdisciplinary,Screened,406,100,88,97,86,77.0,432.0,Bahasa Jerman,Biologi,Renang
Yogyakarta,SMK Pariwisata Bali,Jakarta Selatan,Engineering,Ed. Opt.,504,54,76,38,51,106.0,366.0,Bahasa Arab,"Matematika Lanjutan, Bahasa Inggris","Bulu Tangkis, Renang"
DKI Jakarta,SMK Teknologi Surabaya,Denpasar,Humanities & Interdisciplinary,Ed. Opt.,358,53,78,48,83,64.0,268.0,Bahasa Mandarin,"Biologi, Bahasa Inggris, Matematika Lanjutan","Basket, Renang"
DKI Jakarta,SMA Labschool Bandung,Jakarta Selatan,Business,Ed. Opt.,255,70,86,53,70,67.0,215.0,Bahasa Arab,Kimia,"Pencak Silat, Futsal"
Bali,SMA Negeri 5 Jakarta,Jakarta Selatan,Project-Based Learning,Ed. Opt.,553,51,80,0,86,118.0,1325.0,Bahasa Jerman,"Biologi, Kimia, Fisika",Renang
Jawa Barat,SMK Pariwisata Bali,Surabaya,Law & Government,Ed. Opt.,1692,60,85,42,76,119.0,538.0,Bahasa Inggris,Matematika Lanjutan,Bulu Tangkis
DKI Jakarta,SMA Negeri 1 Jakarta,Surabaya,Computer Science & Technology,Ed. Opt.,1007,84,90,59,83,192.0,1257.0,Bahasa Mandarin,Biologi,"Basket, Bulu Tangkis"
Bali,SMA Negeri 1 Jakarta,Jakarta Selatan,Law & Government,Screened,2394,72,89,52,78,83.0,418.0,Bahasa Jerman,Fisika,"Basket, Bulu Tangkis"
Jawa Barat,SMK Pariwisata Bali,Surabaya,Humanities & Interdisciplinary,Screened: Language,470,57,87,32,84,85.0,231.0,Bahasa Jerman,"Matematika Lanjutan, Biologi","Futsal, Bulu Tangkis"
DKI Jakarta,SMA Negeri 3 Sleman,Jakarta Selatan,Science & Math,Screened: Language & Academics,524,69,92,49,95,91.0,273.0,Bahasa Jerman,"Kimia, Fisika, Matematika Lanjutan",Pencak Silat
Jawa Timur,SMK Informatika Nusantara,Jakarta Selatan,Humanities & Interdisciplinary,Ed. Opt.,501,90,90,68,82,93.0,3049.0,Bahasa Jepang,"Matematika Lanjutan, Ekonomi, Fisika",Futsal
Yogyakarta,SMA Negeri 2 Bandung,Jakarta Selatan,Science & Math,Screened,442,99,97,88,95,90.0,4731.0,Bahasa Mandarin,"Bahasa Inggris, Biologi, Matematika Lanjutan",Bulu Tangkis
DKI Jakarta,SMA Negeri 2 Bandung,Sleman,Humanities & Interdisciplinary,Screened,1362,82,89,59,77,133.0,867.0,Bahasa Inggris,"Fisika, Bahasa Inggris, Matematika Lanjutan","Bulu Tangkis, Renang"
Jawa Barat,SMA Plus Nusantara,Denpasar,Law & Government,Ed. Opt.,335,64,77,30,82,137.0,171.0,Bahasa Mandarin,"Ekonomi, Matematika Lanjutan, Biologi","Pencak Silat, Futsal"
DKI Jakarta,SMK Pariwisata Bali,Sleman,Computer Science & Technology,Screened,3657,83,94,64,75,74.0,3551.0,Bahasa Inggris,"Bahasa Inggris, Biologi","Pencak Silat, Renang"
Jawa Timur,SMA Labschool Bandung,Bandung,Humanities & Interdisciplinary,Ed. Opt.,439,91,91,79,92,86.0,445.0,Bahasa Inggris,Matematika Lanjutan,Renang
Yogyakarta,SMA Negeri 1 Jakarta,Surabaya,Humanities & Interdisciplinary,Ed. Opt.,498,71,87,40,87,104.0,360.0,Bahasa Jerman,"Matematika Lanjutan, Bahasa Inggris, Biologi",Basket
Bali,SMA Negeri 3 Sleman,Surabaya,Humanities & Interdisciplinary,Ed. Opt.,327,81,82,72,76,111.0,383.0,Bahasa Jerman,Fisika,Basket
Jawa Barat,SMK Pariwisata Bali,Surabaya,Science & Math,Ed. Opt.,616,90,90,81,76,94.0,2017.0,Bahasa Mandarin,"Bahasa Inggris, Ekonomi, Fisika",Bulu Tangkis
DKI Jakarta,SMK Pariwisata Bali,Sleman,Humanities & Interdisciplinary,Ed. Opt.,429,64,81,50,82,85.0,308.0,Bahasa Jepang,"Fisika, Ekonomi, Matematika Lanjutan","Renang, Bulu Tangkis"
DKI Jakarta,SMA Negeri 1 Jakarta,Bandung,Humanities & Interdisciplinary,Screened,588,99,95,98,96,124.0,4299.0,Bahasa Jerman,Biologi,"Pencak Silat, Basket"
Yogyakarta,SMK Pariwisata Bali,Bandung,Culinary Arts,Ed. Opt.,458,71,82,22,78,46.0,158.0,Bahasa Jerman,"Bahasa Inggris, Matematika Lanjutan",Bulu Tangkis
DKI Jakarta,SMK Teknologi Surabaya,Surabaya,Humanities & Interdisciplinary,Open,487,87,85,79,83,90.0,2151.0,Bahasa Inggris,"Matematika Lanjutan, Fisika, Ekonomi","Futsal, Renang"
Yogyakarta,SMA Negeri 5 Jakarta,Sleman,Humanities & Interdisciplinary,Open,441,74,92,49,85,99.0,307.0,Bahasa Jepang,Kimia,"Futsal, Renang"
Yogyakarta,SMA Negeri 3 Sleman,Bandung,Humanities & Interdisciplinary,Screened,235,0,85,0,86,41.0,448.0,Bahasa Arab,Fisika,"Pencak Silat, Renang"
DKI Jakarta,SMK Teknologi Surabaya,Sleman,Humanities & Interdisciplinary,Ed. Opt.,427,76,83,0,87,89.0,179.0,Bahasa Jepang,"Ekonomi, Bahasa Inggris",Renang
DKI Jakarta,SMK Teknologi Surabaya,Surabaya,Business,Ed. Opt.,423,86,87,77,88,90.0,1261.0,Bahasa Jerman,"Bahasa Inggris, Fisika","Bulu Tangkis, Basket"
Jawa Timur,SMA Plus Nusantara,Jakarta Selatan,Performing Arts,Ed. Opt.,389,66,78,46,85,37.0,425.0,Bahasa Inggris,"Biologi, Matematika Lanjutan","Futsal, Renang"
DKI Jakarta,SMA Plus Nusantara,Bandung,Performing Arts,Audition,314,98,95,0,95,33.0,283.0,Bahasa Arab,"Matematika Lanjutan, Bahasa Inggris, Kimia",Futsal
DKI Jakarta,SMA Negeri 3 Sleman,Surabaya,Performing Arts/Visual Art & Design,Ed. Opt.,362,83,82,46,72,99.0,351.0,Bahasa Inggris,Bahasa Inggris,"Basket, Renang"
Jawa Timur,SMA Plus Nusantara,Surabaya,Film/Video,Screened,290,96,89,60,91,64.0,923.0,Bahasa Mandarin,"Fisika, Ekonomi, Matematika Lanjutan",Futsal
Yogyakarta,SMK Teknologi Surabaya,Sleman,Computer Science & Technology,Screened,364,98,93,88,91,34.0,1889.0,Bahasa Inggris,"Bahasa Inggris, Ekonomi",Basket
Yogyakarta,SMA Labschool Bandung,Denpasar,Humanities & Interdisciplinary,Screened,666,99,96,91,95,139.0,5030.0,Bahasa Arab,"Matematika Lanjutan, Biologi, Kimia",Basket
Bali,SMA Labschool Bandung,Denpasar,Humanities & Interdisciplinary,For Continuing 8th Graders,607,87,84,54,75,,,Bahasa Arab,"Bahasa Inggris, Fisika",Futsal
Yogyakarta,SMA Plus Nusantara,Surabaya,Performing Arts,Ed. Opt.,465,70,82,43,80,85.0,522.0,Bahasa Arab,"Matematika Lanjutan, Biologi, Ekonomi",Futsal
Bali,SMA Negeri 3 Sleman,Denpasar,Humanities & Interdisciplinary,Ed. Opt.,579,96,90,82,94,64.0,1717.0,Bahasa Mandarin,"Fisika, Biologi, Kimia","Renang, Basket"
Bali,SMA Negeri 2 Bandung,Sleman,Science & Math,Ed. Opt.,354,71,82,39,74,77.0,295.0,Bahasa Jerman,"Biologi, Bahasa Inggris","Pencak Silat, Bulu Tangkis"
Bali,SMA Labschool Bandung,Bandung,Science & Math,Screened,1625,96,93,80,91,314.0,4419.0,Bahasa Jerman,"Bahasa Inggris, Biologi, Ekonomi","Futsal, Pencak Silat"
DKI Jakarta,SMA Negeri 2 Bandung,Jakarta Selatan,Health Professions,Ed. Opt.,1221,75,89,52,64,298.0,803.0,Bahasa Mandarin,Matematika Lanjutan,"Futsal, Basket"
Yogyakarta,SMA Negeri 2 Bandung,Jakarta Selatan,Business,Ed. Opt.,377,65,81,40,67,64.0,299.0,Bahasa Arab,"Biologi, Matematika Lanjutan, Bahasa Inggris","Futsal, Pencak Silat"
Bali,SMA Negeri 5 Jakarta,Denpasar,Science & Math,Ed. Opt.,730,89,91,76,67,89.0,387.0,Bahasa Arab,"Bahasa Inggris, Kimia",Bulu Tangkis
Bali,SMK Teknologi Surabaya,Surabaya,Performing Arts,Ed. Opt.,356,73,81,68,84,90.0,593.0,Bahasa Jerman,"Matematika Lanjutan, Ekonomi","Bulu Tangkis, Basket"
